"Gene","baseMean","log2FoldChange","lfcSE","stat","pvalue","padj"
"FAM83A",249.465518037526,2.43440034913671,0.217863452883497,11.1739730409878,5.46791620036868e-29,4.46843867595392e-26
"SCRIB",146.018773087468,-1.02243869933813,0.102217176370421,-10.0026114557592,1.48430265226929e-23,4.34844665694063e-21
"FASN",165.684639018852,-1.11578239785839,0.112366030167759,-9.92989069910692,3.08593621774434e-23,8.71187848234843e-21
"ZFHX3",3712.44237732658,4.54633294169971,0.483251499278892,9.40779893799346,5.06634793768618e-21,7.94597822509629e-19
"GRN",1539.52726059654,-1.06556011775579,0.116602407714415,-9.13840578974648,6.33797144694441e-20,8.26972123165595e-18
"MORC4",526.646165775244,1.05425332224125,0.116314268325171,9.06383487960353,1.25943004077533e-19,1.52774767524364e-17
"PGAP1",45.7501922007258,1.14906777761447,0.12850409770583,8.94187654813084,3.82616883961247e-19,4.27402327860884e-17
"DMXL1",120.857570804212,1.61721033588361,0.192534799693642,8.39957419882994,4.48100503651083e-17,3.56802898471301e-15
"SCAF8",77.7593676136403,2.20413032502208,0.263271675073442,8.37207544034963,5.66121810374998e-17,4.37322057198636e-15
"MEIS2",49.014168643011,3.22960591875774,0.386036145538654,8.3660713020832,5.95711566780927e-17,4.53412426343502e-15
"PWWP2B",78.5876723100633,-1.08596192251707,0.130832834906333,-8.30037752598225,1.03781076150801e-16,7.60098476129007e-15
"WDR74",1624.36310886368,1.77146428371244,0.214287373609862,8.2667693101583,1.37637927937806e-16,9.67015433072542e-15
"PTCH2",28.270368975455,1.96496904412406,0.246247267661507,7.97965826295022,1.46738987217922e-15,8.43857872049139e-14
"PLD4",59.0709682092582,-1.22665031634356,0.159196132839771,-7.70527709726572,1.30559680123188e-14,6.23753893314688e-13
"FEZF2",62.4084248251333,6.75260596130955,0.90488339734472,7.46240452761574,8.49575724994874e-14,3.45323619947524e-12
"SNAPC2",32.2192778193365,-1.00099056288276,0.139236957766724,-7.18911543988066,6.52124206903947e-13,2.17753388399948e-11
"TET3",238.504059674933,-1.45023892294847,0.203079375847358,-7.14124177749354,9.24914970842686e-13,2.96718073394099e-11
"ZNF703",59.412205209796,-1.13713601376627,0.164966879315234,-6.89311708196484,5.45829132554414e-12,1.52429657215331e-10
"BICRA",72.0234829025387,-1.45874066197765,0.211969878642864,-6.88182996243252,5.9088519790916e-12,1.62960470123189e-10
"CHD1",38.9648059588687,1.03827619228516,0.151713961728585,6.84364300065298,7.72041807363434e-12,2.06325183182996e-10
"EGR3",80.6198118632153,2.8863143238212,0.431308194372927,6.69199973818621,2.20141260841224e-11,5.23450743810366e-10
"RELN",7.74777084229374,3.70324799575632,0.559064553947981,6.62400785312692,3.49588179410086e-11,7.86826676462703e-10
"NSA2",50.4835914914183,1.03075628835034,0.156894776972459,6.56972977839333,5.0406653678651e-11,1.09770562646341e-09
"OTUD4",77.2662172482788,1.37157933415344,0.209884526138142,6.53492355720732,6.36420385371996e-11,1.34811723378867e-09
"ENG",32.7222325621916,-1.4088103097477,0.218271281404467,-6.45440069203195,1.08647995221075e-10,2.15450500868153e-09
"CHTF18",35.9348253378956,-1.0147251636733,0.157881164780402,-6.42714515746504,1.30022650072482e-10,2.52673552900554e-09
"POT1",29.3466805237835,1.04783234038129,0.164275109354509,6.37852164274042,1.78805579181389e-10,3.37340732436139e-09
"VKORC1L1",103.606128730703,1.1751632667978,0.184930706649052,6.35461405026662,2.08950570899407e-10,3.9041823277438e-09
"SNX25",20.1478688156292,1.36842779593433,0.216620976063983,6.31715275592768,2.66426204970979e-10,4.87830151484008e-09
"OR10K1",59.620710541321,1.12142268855063,0.178140179732464,6.29516985014167,3.07063445282113e-10,5.55684628775684e-09
"MUC5B",30.53338543812,-1.14087684778124,0.1815762851719,-6.28318200640112,3.3171232648803e-10,5.93375264214245e-09
"S1PR5",110.693399813688,-1.06807264221683,0.170909330806753,-6.2493524325158,4.12157943142992e-10,7.25575553648667e-09
"RPL21",216.558919036453,1.05571434918769,0.169565877818526,6.22598345120791,4.78544580002565e-10,8.3487210041571e-09
"MMP17",35.0028601429795,-1.16269738628485,0.187490910234636,-6.20135336070313,5.59796648627287e-10,9.59377766361577e-09
"PIK3CD",241.170357992814,-1.01134966921677,0.163579619607877,-6.1826141400812,6.30486928045044e-10,1.06408375345167e-08
"SMCHD1",770.084555771915,1.0536002007207,0.171263812546843,6.15191373503098,7.6553516515957e-10,1.26451750100347e-08
"LKAAEAR1",13.5465970415199,-1.16840680594399,0.190419145600137,-6.13597336686691,8.46393373233617e-10,1.38045692292e-08
"GPAA1",67.9862449906964,-1.07352883302695,0.175609969260096,-6.11314287879038,9.76878337568459e-10,1.57085287986752e-08
"JSRP1",12.2077577673966,-1.07001928573152,0.177080642730194,-6.04255365936205,1.5169387431485e-09,2.32972382441808e-08
"RGS18",216.026541409278,1.09224338837045,0.180771131673726,6.04213393066452,1.52089132398434e-09,2.33118258514362e-08
"ZNF354B",374.011048460449,1.17640360007722,0.194697567470903,6.04221005613249,1.52017370686466e-09,2.33118258514362e-08
"BRINP2",5.08562896058829,5.46210251881691,0.907120881546611,6.02136124295167,1.72956258343158e-09,2.61999202272606e-08
"SF3B6",19.0686762872139,1.05962992002088,0.176255092819875,6.01191093583763,1.83349052496961e-09,2.76394246419448e-08
"ADAT3",18.3216322103519,-1.07287770405123,0.178853703337315,-5.99863287162584,1.98985663164587e-09,2.97941214267747e-08
"ZNF358",28.8221219954032,-1.02807107639769,0.172466242020707,-5.96099888507025,2.50700678244415e-09,3.67837491874745e-08
"RPL29",98.2543585520187,-1.55500835562607,0.265006257955837,-5.8678174908806,4.4156891522713e-09,6.11618246809245e-08
"CARMIL3",13.9115592837117,-1.21281372283811,0.208077068550898,-5.82867555413219,5.58690033468852e-09,7.57622720495272e-08
"HOXC12",2.93018951371702,4.85825340621649,0.837346171137683,5.80196527275654,6.55421382539496e-09,8.7054985514891e-08
"FCGBP",38.7215025879035,-1.47185262839782,0.256291429525636,-5.74288664713464,9.30760362490906e-09,1.20032526149471e-07
"LY96",10.0128028719073,1.38465683311118,0.241114241636411,5.74274179622776,9.31557188869941e-09,1.20035588975797e-07
"RAB27B",82.9057346968735,1.04514004821032,0.187242649435513,5.58174140005569,2.38122254025045e-08,2.81808249866378e-07
"RASGEF1A",26.3823045641827,-1.06208368038508,0.191718297203277,-5.53981386168354,3.02793311503853e-08,3.51643361833981e-07
"ADCY7",740.419481907807,-1.04068994561377,0.190018412947981,-5.47678474663748,4.33123556544257e-08,4.84517972799904e-07
"RPL21P16",245.220861395356,1.06838445340625,0.197210798316666,5.41747441076084,6.04467974494113e-08,6.52228925640729e-07
"ORC4",202.89481601445,1.58629117226909,0.294746617330639,5.38188083932999,7.37115561867664e-08,7.82844960952066e-07
"CNEP1R1",46.2309276658666,1.20411308696939,0.225107966201606,5.34904698082069,8.84185892696837e-08,9.13423443506573e-07
"SPP2",18.9647587650224,1.08865766400522,0.203862429825015,5.34015838494455,9.28654132073582e-08,9.54914748920961e-07
"PKNOX2",11.5448142035052,2.0558902527597,0.387714668497837,5.30258568943251,1.14173844194781e-07,1.14670633907787e-06
"CEP295NL",19.1276002406653,-1.17285528805622,0.223469121219382,-5.24839978631683,1.53426062637991e-07,1.49170098596123e-06
"REPS2",482.127579098482,1.09079373949985,0.209661957169141,5.20263072150889,1.96487056774785e-07,1.86027715276956e-06
"SKOR2",3.96033003140611,3.9432510747668,0.761545613555955,5.1779578328266,2.24327916350889e-07,2.08072852878151e-06
"NTSR1",17.0083704394029,-1.1130479496828,0.215241653568247,-5.17115498432039,2.3265150356817e-07,2.14384563555073e-06
"ARVCF",24.1694089000756,-1.04474257903146,0.202762182297008,-5.15255146297998,2.56966067537631e-07,2.33875271433575e-06
"AGRN",39.1839367749521,-1.20939668125914,0.236078119976668,-5.12286645360726,3.0092548866171e-07,2.69461941317784e-06
"COX7C",42.1025400453117,1.12934999714511,0.221622710256887,5.095822516727,3.4723032542761e-07,3.04945999033625e-06
"PPBP",459.745728068983,1.42630456293102,0.282090298264226,5.05619857083863,4.27696010473049e-07,3.65483541806001e-06
"SPC25",10.5451436021116,1.33553545210761,0.26480721880535,5.04342539502033,4.57271103545909e-07,3.87980788238105e-06
"RPL22P1",19.8390143073443,1.46744022081109,0.291698481667879,5.03067486817392,4.88756375246671e-07,4.11288021889979e-06
"ERO1B",9.99611754929076,1.11821230801915,0.222630194750452,5.02273426689745,5.09410035510307e-07,4.26854269906559e-06
"IGF2",9.02777190369928,-1.64419230408323,0.328078744375099,-5.01157826367253,5.39854184146652e-07,4.4897246476942e-06
"CACNA2D2",46.8691143422413,-1.03790612048173,0.209203724842223,-4.96122199193393,7.00510768532777e-07,5.65617821269289e-06
"LYZ",284.114601012516,1.62645906416162,0.328102841141598,4.95716239000715,7.15301884591998e-07,5.7636182470472e-06
"MTSS2",9.63277932240291,-1.14148889353828,0.230268846985264,-4.95720071769557,7.15160841240828e-07,5.7636182470472e-06
"SAPCD2P3",3.21596893418704,-1.80576220298635,0.365045119162399,-4.94668222692498,7.54890588078371e-07,6.06686654300873e-06
"HMGB3",12.409678916187,1.55436974288623,0.314376148559161,4.94429920975294,7.64182579924287e-07,6.13519282238077e-06
"SMIM30",9.0360989023429,1.17178102131793,0.23770300305796,4.92960125132374,8.23976225677903e-07,6.57444956634163e-06
"WDR81",139.188033775036,-1.29542187178555,0.26493499210154,-4.88958389946866,1.01049347835117e-06,7.89629201729171e-06
"NT5C3A",63.1866979936787,1.03208468194435,0.213937747927871,4.82422897287075,1.40545885629582e-06,1.06037704867372e-05
"ZNF442",157.656323721584,1.1658157777059,0.242024263698257,4.81693760737715,1.45778246487652e-06,1.09559478858363e-05
"FAM240C",5.45840345492203,-1.23526682128479,0.259358112419585,-4.76278459062194,1.90939633896077e-06,1.39281212008716e-05
"IGLV3-9",7.45257319870329,-1.10028904432409,0.232667870992973,-4.72901152887295,2.25615573596847e-06,1.61509129148836e-05
"MSH6",77.9754913777974,1.05919522735476,0.224233939653699,4.72361690202008,2.31686677105571e-06,1.65321646848263e-05
"COMTD1",9.89912649546064,-1.03737988611632,0.219628984561063,-4.72332869994172,2.32015394510587e-06,1.65421375454707e-05
"GJC2",5.3119368131077,-1.32021984817609,0.279786026894673,-4.71867685041003,2.37383551229044e-06,1.68534723362294e-05
"COMMD8",10.9019677080747,1.00851259953083,0.215058616241525,4.68947776729953,2.73903190716612e-06,1.91227286072699e-05
"PRX",6.04843969281059,-1.58414672552309,0.339302301007625,-4.66883578690345,3.02911370359163e-06,2.09688134086791e-05
"KLF15",27.2319403150189,1.2964561705276,0.278128906032928,4.66134997983313,3.14142008851264e-06,2.15922220957661e-05
"ZNF837",8.23861504146156,-1.07179573444971,0.230535228337069,-4.64916248237177,3.33285588290339e-06,2.27369302697016e-05
"SCN2A",128.19649604368,1.10013840932858,0.236756837654171,4.64670173934131,3.37284275886195e-06,2.29391719302889e-05
"JUP",74.958475156345,-1.06183782702608,0.230027351506505,-4.61613725529527,3.90948435387363e-06,2.61987758146723e-05
"LARP7",27.7739944819114,1.0386388208856,0.22508301355363,4.61447003257811,3.94099630554772e-06,2.63985546316822e-05
"DRD4",7.93843075331046,-1.2178429163348,0.264796377420549,-4.59916758755586,4.2418245100848e-06,2.81826312229725e-05
"ANGPT1",18.4911710894493,1.00642948038689,0.21949726897045,4.58515718718297,4.5364502095512e-06,2.99351731422446e-05
"JPH3",32.9159728046239,2.15926670817196,0.471018088440583,4.58425432305737,4.55609423508294e-06,3.00265174822295e-05
"GORAB",8.50600663946626,1.5447539679231,0.337557830463033,4.57626465309408,4.73351663104573e-06,3.10377165245975e-05
"RAF1",15.6876346992248,1.05350442741226,0.231015762835904,4.56031404298843,5.1077176444567e-06,3.32386973451296e-05
"MMRN1",32.1874924975556,1.38198840157112,0.303081399047448,4.55979286724475,5.12041009915159e-06,3.32933867711586e-05
"RPL39",210.707351620395,1.33362710935073,0.294310596271746,4.53135947616155,5.86053152262799e-06,3.75397990725432e-05
"FCER1A",28.9306189189747,1.11696293910489,0.246775190317102,4.52623676500709,6.0043307612634e-06,3.83343929811418e-05
"CD69",18.450291028657,1.01772210979283,0.225403760123439,4.51510706491983,6.3284785197581e-06,4.01282533318287e-05
"IGHG2",103.026939889175,-1.36946874655411,0.303309854974467,-4.5150816041549,6.32923890060208e-06,4.01282533318287e-05
"IGHA2",145.966958506409,-1.8077802006503,0.400904759437649,-4.50925103305353,6.50568918095336e-06,4.11294120165565e-05
"ARHGAP27P2",9.3588300226701,-1.11242245031825,0.247073098100613,-4.5024021589969,6.71896890053289e-06,4.23277448144046e-05
"ADGRB2",5.11299021753072,-1.2073631436093,0.268506045381183,-4.49659575409288,6.90500903229295e-06,4.33713896619792e-05
"PKD1P4",97.9085375425553,-1.20692431903021,0.268915118121354,-4.48812371525187,7.18532005131707e-06,4.49502274120871e-05
"RPL17-C18orf32",5.50590208902485,2.94029063635224,0.657640102275384,4.47097223265288,7.78648087048062e-06,4.83066420544519e-05
"KRTAP5-1",3.09994002730108,-1.70236515461819,0.383863683619107,-4.43481690835692,9.21505717838026e-06,5.63537584910241e-05
"MMP23B",10.2961873690254,-1.33622228645595,0.301781850181772,-4.42777551284514,9.52099167911429e-06,5.79735050202383e-05
"GMPR",16.6680074058755,-2.37823053664614,0.537129910269929,-4.42766357109211,9.52593280115246e-06,5.79808540194019e-05
"RPS27",461.824013604268,1.18515328719326,0.268384792011132,4.41587348639376,1.00602913704569e-05,6.0957362126515e-05
"BOK",16.8846803285429,-1.20364419433001,0.27435132557788,-4.38723666377306,1.14799855684865e-05,6.86311764473423e-05
"ITPRIPL2",7.64903909032537,-1.94549200914664,0.443540910004137,-4.38627410745155,1.15308796074669e-05,6.88615260250535e-05
"MTND4P14",20.5941881815978,1.11140611987648,0.253586762719138,4.38274501381379,1.17193248919709e-05,6.98525748935251e-05
"SCX",4.47252052990245,-1.27801841862128,0.292438588874415,-4.37021127594796,1.24126379144186e-05,7.36176580967067e-05
"FAS",74.8656258553239,1.02185179555435,0.234755095609582,4.35284181116892,1.34384118082493e-05,7.9007277601926e-05
"BRICD5",7.58696261088164,-1.1826960610125,0.272422886697997,-4.34139757987228,1.41579271389319e-05,8.27362193022942e-05
"HSPE1-MOB4",4.75051711163954,2.66812544580263,0.618234734304858,4.31571585637721,1.59086508320466e-05,9.15882912381117e-05
"CSPG4P11",7.65900984217636,-1.17049337843745,0.27286119301189,-4.28970263421244,1.78912509666506e-05,0.000101484017163731
"LYNX1",14.7837657343535,-1.10109408575317,0.256792437651071,-4.28787582619286,1.80389882059416e-05,0.000102185833591264
"MTND2P28",64.7378562286126,1.67213383171753,0.390693482455811,4.2799122760044,1.86966993465328e-05,0.000105526590604731
"LENG9",16.8366948102944,-1.09524594351963,0.25606753923917,-4.27717604025029,1.89279119644314e-05,0.00010663776816826
"TMEM121B",34.6342266042827,1.12655937103628,0.263474025870097,4.27578911171956,1.90461453590743e-05,0.000107264961548911
"CLEC4E",50.1843475262619,1.04309493416686,0.244421505778942,4.26760702108698,1.9758099020184e-05,0.000111032936477162
"XKR3",3.49361107702413,2.03056171936254,0.482671353094888,4.20692404126034,2.58870103778845e-05,0.000141331789781087
"ARSK",7.66888932942729,1.01217983453021,0.243255883034201,4.16096754538883,3.16902123429011e-05,0.000168654815354808
"CNTNAP3B",80.6148165108424,1.12450970324849,0.27025441244645,4.16093004021277,3.16954177371887e-05,0.000168654815354808
"PHC1P1",20.2675028631089,-1.29995998426628,0.313900353806973,-4.14131417343247,3.45321578383621e-05,0.000181349738178264
"RAD17P2",10.2419978088703,1.00739830100655,0.243323789342159,4.14015540251988,3.47070619170269e-05,0.000182182741847761
"PPIAP89",3.98460853195918,1.8395316734136,0.445602055419883,4.12819386948347,3.65623793685674e-05,0.000191081812337848
"CRACR2B",11.1533111435814,-1.04441718852154,0.253212813271496,-4.12466168290509,3.71280101566736e-05,0.000193386988830148
"SNTB2",8.5391051481448,-1.27949807225374,0.310802012307798,-4.11676250984698,3.84231639659108e-05,0.000199064553519752
"CLCN3",35.4243725407538,1.14914625622176,0.279158465678841,4.11646572647307,3.84726509940702e-05,0.00019925445363073
"SLC34A3",6.99131705307503,-1.28428647007216,0.312359208987657,-4.11156909455135,3.92979230477331e-05,0.000203078398055359
"MTCO2P11",16.0274045792364,1.04464884321479,0.254454022479288,4.10545226613511,4.03524606792583e-05,0.000207841982277667
"IFI27",30.0004633996044,-1.45943360758885,0.35581498554846,-4.1016642549196,4.10189170068772e-05,0.000210754706937717
"PKD1P3",52.6819735098831,-1.03487711437643,0.254381094997072,-4.06821550315421,4.73745570512244e-05,0.000239682224612043
"PCDH1",17.1595537139981,-1.16557843221792,0.286721113409607,-4.06519916987345,4.79914606461266e-05,0.000242172053770688
"JAG2",4.15346845420739,-1.22661900751238,0.302202851481723,-4.05892598795206,4.92989344140514e-05,0.000247883599302777
"NDUFV2P1",3.14565730987716,1.6329840808437,0.403114825345448,4.05091546668946,5.10176375177625e-05,0.000255121049191079
"MTND5P32",123.051622669445,1.03776573396312,0.257155878974906,4.03555126991434,5.44742420544498e-05,0.000270662898041422
"YBX2",5.05287083873661,-1.19218975025501,0.296259321324272,-4.02414258199861,5.71832665700233e-05,0.000282855871307025
"FOXP3",9.80859203070404,-1.03125053316784,0.257051010715086,-4.01185169550206,6.02443435162433e-05,0.000296298359764558
"MTATP6P11",13.0811266569617,1.09277037507845,0.272405716526719,4.0115544894274,6.03202505144484e-05,0.000296577748492033
"MTND6P18",5.17009249671052,1.20163264150945,0.305148251391092,3.93786507388301,8.22097971028955e-05,0.000389762296066155
"NECAB1",7.06659190709691,1.13916606580914,0.289480376082305,3.93520998288758,8.31239872008489e-05,0.000393717409774341
"HNRNPUL2",4.7999783713324,1.34897690091618,0.343268592795382,3.92979995615355,8.5016561438488e-05,0.000401720069828181
"NINL",5.77107736553578,-1.14336793366146,0.292751255368174,-3.90559532263499,9.39936968482133e-05,0.000439987980392586
"SHOC1",166.159296056828,1.16851132771718,0.299707133688508,3.89884389249017,9.66530591826899e-05,0.00045080566233993
"TCAF1P1",8.08516549258861,-1.03220413419276,0.265710624775321,-3.88469273694105,0.000102459384714542,0.000474891601929164
"SYCE1",4.35994452378085,-1.32386924882194,0.341871651000302,-3.87241599281003,0.000107761823619115,0.000496209322459668
"CFD",210.717626964708,-1.21843750935976,0.315869380954903,-3.85740936863302,0.000114595148783193,0.000523021421268855
"RPL7",400.756169516876,1.00778440072974,0.263155239736156,3.8296193598127,0.000128341621733721,0.000578450032121769
"WDR62",2.29126941603914,-2.10826752832264,0.556175594139748,-3.79065092128603,0.000150253001595535,0.000666565244506819
"MMP14",6.91518029455993,-1.0477776313376,0.276622058482163,-3.78775878209714,0.000152012323247818,0.000673216013425236
"MS4A3",8.17658197870655,1.59692349788527,0.421775813371867,3.78619031072156,0.000152974534443021,0.000676512559469321
"KCNJ13",6.01538574327099,-1.2411660126898,0.327885530019688,-3.78536379026934,0.000153483884253182,0.000678378670879351
"OR2AP1",3.64407749314211,1.5276771743344,0.406010321703389,3.76265600323937,0.000168118373057129,0.000737602141412277
"CHRM3",2.8300277229531,1.42877699590018,0.380362443243999,3.75635665738858,0.000172404945772569,0.000754212863181222
"MTX3",15.9616040274186,1.11523066923236,0.298842099115944,3.73183923058871,0.000190086808440108,0.000822826282310999
"CYP4F22",8.53820542430438,-1.02248249131856,0.274322684185544,-3.72729836161483,0.000193543291836648,0.000835415522321784
"GOLGA3",52.6941897429093,-1.07265204667517,0.289169300138769,-3.70942574526555,0.000207729868013891,0.000888545912025256
"HMGB1P5",7.56992234013199,2.19748107685962,0.593580568762501,3.70207717789843,0.000213841543805398,0.000911173888766856
"ROCK1P1",6.81664043770036,-1.80061985765683,0.491932896314195,-3.66029568493583,0.000251924366378217,0.00105434761098506
"RNASE2",26.155621927805,1.0163259971046,0.278550156403982,3.64862834839201,0.000263644179934924,0.00109777505547052
"SAV1",5.290104029358,1.25980282512312,0.346681022810191,3.63389612419847,0.000279173295136217,0.00115561816944283
"IGLV3-1",16.0234139087238,-1.08405735373276,0.298506969325046,-3.63159813716886,0.000281671504666694,0.00116471729772563
"SEMA6B",11.8495338143654,-1.13688500372003,0.315273862637729,-3.60602364626207,0.000310924816782089,0.00127078958414727
"TDRD6",5.66260195377429,1.17012267708811,0.328696902683269,3.5598834900359,0.000371019365858769,0.00148092999837766
"IGHA1",344.502839925064,-1.19747318344076,0.336489757353233,-3.55872105249167,0.000372665068426423,0.00148558934979642
"MTND1P23",35.5564187514603,1.30320769543038,0.367145097663199,3.54957128319299,0.000385858982597736,0.00153125673693906
"OR7E100P",7.1935123862141,1.01403415407181,0.28676188861715,3.53615384164815,0.000405998188885277,0.00160323852462403
"FAAHP1",4.91720914206872,-1.05911712709917,0.299529045400522,-3.53594131641873,0.000406324943153606,0.00160412087270431
"POLR2K",10.3844035952487,1.02773066504748,0.291113352537083,3.5303453314343,0.000415017589399844,0.00163428306127603
"GSG1L",27.1809662009616,1.10624511252014,0.313644689918576,3.52706469478993,0.000420194078411259,0.00165048152175351
"RPS3A",586.232468469995,1.10098279778762,0.314534878646332,3.50035201986482,0.000464644133133444,0.00180093096733974
"ZFP91-CNTF",15.8195592145995,-1.32162297742247,0.377563352342741,-3.50040057972241,0.00046455948999719,0.00180093096733974
"BNIP3P24",3.5595850435625,1.19625100665988,0.343840779543581,3.47908415123941,0.000503130568238144,0.00192986865934626
"ZNF107",15.6293629216922,1.05513377215858,0.305795138308181,3.45045960506807,0.000559632911240185,0.00211782115837835
"ZNF75BP",3.20048682577881,1.14603131128863,0.332744421014116,3.44417889200316,0.00057279657560573,0.00216236626049846
"B4GALT1",4.1870378567438,-1.37956909562689,0.400661001943501,-3.44323278016817,0.000574804326004079,0.00216836413262035
"UBE2FP3",3.83944273917754,1.01244908599077,0.295050366115002,3.4314449404755,0.000600374990795399,0.00224898009217857
"TRIM74",5.74538855759242,-1.7288265731726,0.510598870812367,-3.38588013409042,0.000709503672161113,0.00260436489778856
"KNDC1",10.2371931071859,-1.14635432630977,0.338737138418908,-3.38420030251333,0.000713859044279558,0.00261911374776198
"FBXL15",5.73357270070746,-1.35901175236599,0.402285657658536,-3.37822571223638,0.000729551722761405,0.00266975008232768
"C3orf14",3.73413201517417,1.12994261252796,0.335044503172251,3.37251499973734,0.000744850292236442,0.00271804711810934
"EVC2",5.90332672185808,-1.07728563198369,0.321075509890321,-3.35524074181706,0.000792959444096516,0.00286865826851971
"SRP14",20.3473608077277,1.22139603957921,0.364377982798346,3.35200285757977,0.000802291906638032,0.00289702010101598
"ZCCHC14",12.1363159271806,-1.19705514929913,0.357225095174936,-3.350982798991,0.000805253040766784,0.00290636075406459
"CXXC4",3.3436139800095,1.27053358647342,0.382701064351731,3.31991129584552,0.000900460545853953,0.00320822645605193
"GUSBP5",5.5865651742478,-1.38570627827005,0.420881894550037,-3.29238747547338,0.000993406417610439,0.00350002755757597
"TRBJ2-6",5.49654967527715,-1.00045734723706,0.304266571821282,-3.28809484804234,0.0010086785082168,0.00354900321710451
"RAPGEF4",4.0770142792675,1.28241702697412,0.390071160860429,3.28764891038172,0.00101027744220438,0.00355301876446374
"REEP6",5.28564301656432,-1.17099013085078,0.356413685436018,-3.28548026829624,0.001018086729089,0.00357481516114087
"GLE1",38.0227534048982,-1.02168509252221,0.314602103234097,-3.2475469236198,0.00116404468252277,0.00401201371487925
"WRN",6.13435350067451,1.43636799185059,0.442734183391117,3.24431237915433,0.00117734551381097,0.00404618056506043
"ADAM11",3.75782663952909,-1.23233771289641,0.380252931534869,-3.24083685015168,0.00119179372115356,0.00409130689992292
"PHOSPHO2",5.88968119118852,1.02970069199101,0.317756990778725,3.24052883767414,0.0011930820376585,0.00409482422606622
"TMEM63C",27.0811252354028,-1.07885487784038,0.333300605713257,-3.2368824398973,0.00120843182846824,0.00413744674765742
"HBM",30.8294668577333,-2.14841596273485,0.666789695941471,-3.22202933820296,0.00127286100894168,0.00433890513410262
"RNA5-8SP6",88.0245880021778,1.77586933244996,0.552594253081153,3.21369489919245,0.00131038831772912,0.00445216617273085
"ARL14EPP1",6.7396096883769,1.12761645109434,0.353422987046662,3.19055775210644,0.00141998457653274,0.00475887865104876
"DUTP1",3.54998697097911,1.10722293514243,0.347187271080636,3.18912306806684,0.00142705109863674,0.00477642216178761
"OR1C1",3.91062878110412,1.11364933249238,0.349552235211426,3.18593108643347,0.00144288962432295,0.00482319638253228
"PRSS33",42.4168452588569,-1.0837039707816,0.340986779526681,-3.1781407252383,0.00148222789973992,0.00493768560378926
"CD79A",14.6105406387688,-1.19485253317288,0.376824499049558,-3.17084620608954,0.00151995591521111,0.00504712478517598
"PPIL4",5.27512509977502,1.20158645847962,0.382015630488923,3.14538558786656,0.00165868058176587,0.00544834639159691
"EVI2A",68.2916940212159,1.10591516699893,0.35674000816711,3.10005926355442,0.00193481925538516,0.00621343093658021
"CXCL8",22.0433853416085,1.03745401955136,0.335578868578951,3.09153560218075,0.0019912410225125,0.00638142401580012
"SLC1A7",6.6695899304114,-1.01681192509741,0.329819982999575,-3.08293001488245,0.00204973353305345,0.0065391848300228
"MAFIP",5.69930450121444,-1.94967329807066,0.633065375006599,-3.07973453460526,0.0020718517296426,0.00660025478173176
"OLFM1",8.45549596822748,-1.11491934336884,0.365484734196412,-3.05052233117261,0.00228443691575639,0.00717299332476229
"RGPD1",7.98656260512053,2.05806634720604,0.682328957412914,3.01623773232388,0.00255932514488704,0.00791764126811338
"IFNG",3.62554889999166,1.06241922709765,0.355358355736833,2.98971224384109,0.00279240373065094,0.00854674802401285
"BMX",19.9976823255485,1.04805225013602,0.350740575742449,2.98811236172919,0.00280706334430055,0.00857977806042414
"OR8B5P",4.22182566440541,1.08987667222565,0.369424979953868,2.95019755394382,0.00317570798871485,0.00954679921409013
"ZSCAN10",3.92397633281597,-1.08628271512086,0.368722572626496,-2.946070557555,0.00321838976546664,0.00966014650848648
"CKS2",2.56432175372773,1.21716806802546,0.413798355711757,2.94145216196392,0.00326677296505975,0.00978645260051759
"RABGGTBP1",2.09193078574199,1.16241378481004,0.395292834262977,2.94063965762841,0.00327535314243352,0.00980458998314349
"HBQ1",22.9013000873023,-1.22364650290677,0.419444341267568,-2.91730363844911,0.00353071880277237,0.0104681059481853
"HBB",422.098785449501,1.44955625954318,0.497721989434787,2.91238139024016,0.00358684391981546,0.0106081762938999
"PKD1P2",5.73384821107993,1.91404289451709,0.657234062207346,2.91226977507633,0.00358812595066116,0.0106099469883671
"FAM157A",5.18920479882185,1.42678036309829,0.490803023976287,2.90703254340019,0.00364875235888315,0.0107481051595633
"RPS12P24",6.23632637992451,1.10916241546693,0.388007756741895,2.85860887107149,0.00425503069345169,0.0122985594894312
"ADORA1",2.13455137563097,-1.68160651495894,0.589849908826561,-2.85090578093724,0.00435948852585409,0.0125374658901531
"TRIB3",5.55405120043254,-1.08951198642594,0.38547192326483,-2.82643668882056,0.00470690475866084,0.0134074683888694
"KIR3DL2",7.02683019368082,-1.09162343627919,0.386868031851941,-2.82169459971552,0.0047770645138371,0.0135873751064936
"FAM220A",5.14848556403617,-1.31028012227435,0.464585547498734,-2.82032045406648,0.00479757128089896,0.0136308514702877
"RAB4B-EGLN2",7.44759410215344,-1.66107846013517,0.589576506854076,-2.81740951483723,0.00484127539608745,0.0137347858715603
"LNX1",4.16669117229741,1.04110147157545,0.371529458371571,2.80220436930801,0.00507547100740633,0.0142869540123274
"UPK3A",4.72638614914842,-1.02081659036185,0.365029576053756,-2.79653117809698,0.00516544268355289,0.014506027952166
"BAIAP2L2",2.72745188382648,-1.45350330301583,0.52028077505544,-2.7936902009515,0.00521103742507505,0.0146076508574003
"CPA3",9.43729883185609,1.34052128372953,0.480283541555744,2.79110393703538,0.00525286013351771,0.0146954089568811
"VEGFB",5.85658148417896,1.36634221143838,0.489868795652733,2.78920034009878,0.00528383684543187,0.0147690611519389
"MTND6P15",4.31900979070988,1.09157321914863,0.392193308905234,2.78325303966975,0.00538168156393522,0.0150020412285857
"MUC12",6.82267741475485,-2.01843610494456,0.727587114015075,-2.77415042963879,0.00553460794777331,0.0153676426332397
"ACHE",8.60136078329153,-1.22328141090062,0.44280279910078,-2.76258734900682,0.00573452153616393,0.0158490416326126
"PIGFP2",3.33032373761379,1.19775665019737,0.434128516048318,2.75899095756258,0.00579801392810211,0.015981850215097
"FOXO4",109.697009285492,-1.01341320459288,0.368373334071365,-2.75104930477013,0.0059404701441646,0.016313703560036
"PDIA6",14.4358863991168,1.69424639577876,0.622942235536702,2.71974879712413,0.00653315265084245,0.0177374123464995
"TBX1",5.51956927790513,-1.11560858954283,0.410767284104246,-2.71591393159662,0.00660930976872953,0.0179034809454053
"NOVA2",4.10679659816208,1.09680024027928,0.404040693835507,2.71457864767901,0.00663601413638612,0.0179695485691781
"ZNF217",158.500732456332,1.21001512588368,0.450114076773534,2.68824102226973,0.00718295294284405,0.0192358934707726
"TSPAN6",7.62915659695124,1.15625794521244,0.433794346196379,2.66545185604841,0.00768849395392879,0.0203858001404802
"ZACN",42.080416999411,-1.12941115950726,0.424531785592463,-2.66036890013099,0.0078055107649594,0.0206713569243603
"ZFYVE9",4.17171909077318,1.55707888055398,0.585909660114723,2.65754089162671,0.00787130407322871,0.0208136475383212
"SKIDA1",8.99932367583239,-1.02648165061652,0.386779739555675,-2.65391783911878,0.00795631968526072,0.0209955431259421
"IGLV5-45",2.48556022374882,-1.47059577292438,0.555943533844456,-2.64522506945072,0.00816365970285488,0.0214806209466578
"ZNF469",9.46309207328988,4.13776717742893,1.56427687479306,2.64516291463832,0.0081651594721117,0.0214809269948286
"H2BC19P",1.97337881047589,-3.85520281117341,1.45919942816087,-2.64199857591254,0.00824184024110836,0.0216533085319272
"ATP10A",8.9516174518128,-1.89490573240256,0.72344310694933,-2.61928783922366,0.00881135636939247,0.0229669179700448
"TEKT4",3.62007467037083,-1.49069796027876,0.569845240813649,-2.61596983445941,0.00889744177351202,0.0231757387044659
"MTND4P12",12.4228201335953,1.08229367018823,0.414954478315308,2.60822265271671,0.0091013732885076,0.0236553436643216
"CCNG1P1",2.69051548329413,1.34019215560305,0.515817517708179,2.59819046386334,0.00937164958796017,0.0242119140020395
"METTL27",3.48321364993913,-1.08327330072469,0.419593045589185,-2.58172367753039,0.00983082624123354,0.0251969691395895
"NETO2",5.92265062467642,1.01686557795742,0.394644364605401,2.57666311534479,0.00997591247052757,0.0255056797184063
"SLC17A6",2.23931335799985,1.02983664740469,0.400013573303815,2.57450425719058,0.0100383851171863,0.025648511718702
"BMS1P2",7.78286176359733,1.02528537553758,0.398743500080482,2.57129050462424,0.0101320295664988,0.0258282750088699
"CLEC18B",3.04963292617711,1.17420664822432,0.457006760972078,2.56934196274628,0.0101891855098623,0.0259368847592934
"JRK",31.5978865051049,1.69030971532313,0.658789929794217,2.56577952831052,0.0102944237710787,0.0261777788885585
"IGFALS",2.37295373815189,-1.60317939488685,0.629535786693538,-2.54660565574373,0.0108776277252622,0.0274505140271984
"SLC12A1",272.928084329135,1.6796083900106,0.661918724186433,2.53748432947718,0.0111652366640583,0.0280567453767329
"PMS2P10",3.90777261206368,1.49937641218365,0.591990644311272,2.53277045269531,0.0113165033137921,0.0283817391299064
"ISG15",146.307080031124,-1.05295477074644,0.415756768304535,-2.53262207862643,0.0113212939826727,0.0283891685511885
"BRPF1",26.4753107241489,-1.90331244660724,0.756997159948571,-2.51429271773826,0.0119271392626276,0.0296841213776013
"MTRFR",6.61835859119791,1.00134537554122,0.398910699186321,2.51019934432371,0.0120663024146131,0.0300044772270394
"CWF19L2",14.3671669906241,1.53788197955433,0.613245628033895,2.50777487722967,0.0121494044178048,0.0301685274900456
"IGHV1-69D",17.0595546306774,-1.04771371402012,0.417981726323497,-2.50660171973462,0.0121897978206201,0.0302543143799183
"SLC6A19",4.94480054463147,-1.44970483838247,0.578452749814405,-2.50617676006832,0.0122044590923027,0.0302858616471447
"DGKK",7.21357428829102,-1.17536649953355,0.474206178903988,-2.47859802723389,0.0131899861224595,0.0322419575761066
"RAPGEF5",3.57199532579834,1.08064271665637,0.442204282987947,2.4437635686261,0.0145349483735049,0.0350006425861369
"POLH",2.88381243452068,-1.93609982724806,0.794426573819703,-2.43710355500704,0.01480543877947,0.0355147018711496
"IGKV1-12",5.76797446889651,-1.05687455631404,0.434985993486606,-2.42967491399601,0.0151123708932493,0.0360983483617693
"SLC26A5",2.05305178700856,1.12507515649494,0.463895203418201,2.42527870132059,0.0152966385680975,0.0364672051353985
"SCARF2",11.2678583555234,-1.10352249520467,0.455362647559787,-2.42339265444424,0.0153762968451316,0.036606525776504
"CHPF",9.66419737976415,-1.14226636252958,0.472866797864305,-2.41561972142811,0.0157084574567612,0.0372592115388546
"SRGAP2C",21.2263061133758,-1.14782748546274,0.477791523655194,-2.40236050376459,0.0162896461124858,0.0384391086912716
"DPY19L1",19.1365989754661,1.00671343399591,0.422471165528001,2.38291631746685,0.0171760983012126,0.0401988577266462
"MPV17L2",3.87962585518246,-1.10897860261268,0.467437563743106,-2.37246359435108,0.0176699043751051,0.0412014724781885
"NAMPTP1",89.671202795856,1.05396294093476,0.445258558175381,2.36708070307235,0.0179290227810085,0.0417367221470344
"TNFRSF6B",5.83648157435162,-1.1746606987665,0.498424474202141,-2.35674763091611,0.0184357712023049,0.0427688957803956
"ATAD3A",6.84124354088919,-1.08838869101589,0.467402603818048,-2.328589276408,0.019880834701369,0.0455765126839151
"SCGB3A1",1.83690832215303,-2.061096467554,0.889512853619104,-2.31710700881741,0.0204979033150253,0.0467839107412021
"PGA4",3.57046098116076,-1.1944897321441,0.516888829397198,-2.31092193177618,0.0208371674099061,0.0474327368968791
"HDC",27.2306494989538,1.0682718045551,0.46321044163774,2.3062342912178,0.0210975444718203,0.0479480971399435
"KCNA2",5.26720232499583,-1.09215915691116,0.473594323153068,-2.30610694325862,0.0211046574453075,0.0479502511198844
"DSC2",35.571646229411,1.06775972269494,0.464957412273416,2.29646779362891,0.0216491485868854,0.0490009227563512
